id,maint,doors,persons,lugboot,safety,buying
1,vhigh,2,2,small,low,vhigh
2,vhigh,2,2,small,med,vhigh
3,vhigh,2,2,small,high,vhigh
4,vhigh,2,2,med,low,vhigh
5,vhigh,2,2,med,med,vhigh
6,vhigh,2,2,med,high,vhigh
7,vhigh,2,2,big,low,vhigh
8,vhigh,2,2,big,med,vhigh
9,vhigh,2,2,big,high,vhigh
10,vhigh,2,4,small,low,vhigh
11,vhigh,2,4,small,med,vhigh
12,vhigh,2,4,small,high,vhigh
13,vhigh,2,4,med,low,vhigh
14,vhigh,2,4,med,med,vhigh
15,vhigh,2,4,med,high,vhigh
16,vhigh,2,4,big,low,vhigh
17,vhigh,2,4,big,med,vhigh
18,vhigh,2,4,big,high,vhigh
19,vhigh,2,more,small,low,vhigh
20,vhigh,2,more,small,med,vhigh
21,vhigh,2,more,small,high,vhigh
22,vhigh,2,more,med,low,vhigh
23,vhigh,2,more,med,med,vhigh
24,vhigh,2,more,med,high,vhigh
25,vhigh,2,more,big,low,vhigh
26,vhigh,2,more,big,med,vhigh
27,vhigh,2,more,big,high,vhigh
28,vhigh,3,2,small,low,vhigh
29,vhigh,3,2,small,med,vhigh
30,vhigh,3,2,small,high,vhigh
31,vhigh,3,2,med,low,vhigh
32,vhigh,3,2,med,med,vhigh
33,vhigh,3,2,med,high,vhigh
34,vhigh,3,2,big,low,vhigh
35,vhigh,3,2,big,med,vhigh
36,vhigh,3,2,big,high,vhigh
37,vhigh,3,4,small,low,vhigh
38,vhigh,3,4,small,med,vhigh
39,vhigh,3,4,small,high,vhigh
40,vhigh,3,4,med,low,vhigh
41,vhigh,3,4,med,med,vhigh
42,vhigh,3,4,med,high,vhigh
43,vhigh,3,4,big,low,vhigh
44,vhigh,3,4,big,med,vhigh
45,vhigh,3,4,big,high,vhigh
46,vhigh,3,more,small,low,vhigh
47,vhigh,3,more,small,med,vhigh
48,vhigh,3,more,small,high,vhigh
49,vhigh,3,more,med,low,vhigh
50,vhigh,3,more,med,med,vhigh
51,vhigh,3,more,med,high,vhigh
52,vhigh,3,more,big,low,vhigh
53,vhigh,3,more,big,med,vhigh
54,vhigh,3,more,big,high,vhigh
55,vhigh,4,2,small,low,vhigh
56,vhigh,4,2,small,med,vhigh
57,vhigh,4,2,small,high,vhigh
58,vhigh,4,2,med,low,vhigh
59,vhigh,4,2,med,med,vhigh
60,vhigh,4,2,med,high,vhigh
61,vhigh,4,2,big,low,vhigh
62,vhigh,4,2,big,med,vhigh
63,vhigh,4,2,big,high,vhigh
64,vhigh,4,4,small,low,vhigh
65,vhigh,4,4,small,med,vhigh
66,vhigh,4,4,small,high,vhigh
67,vhigh,4,4,med,low,vhigh
68,vhigh,4,4,med,med,vhigh
69,vhigh,4,4,med,high,vhigh
70,vhigh,4,4,big,low,vhigh
71,vhigh,4,4,big,med,vhigh
72,vhigh,4,4,big,high,vhigh
73,vhigh,4,more,small,low,vhigh
74,vhigh,4,more,small,med,vhigh
75,vhigh,4,more,small,high,vhigh
76,vhigh,4,more,med,low,vhigh
77,vhigh,4,more,med,med,vhigh
78,vhigh,4,more,med,high,vhigh
79,vhigh,4,more,big,low,vhigh
80,vhigh,4,more,big,med,vhigh
81,vhigh,4,more,big,high,vhigh
82,vhigh,morethanfive,2,small,low,vhigh
83,vhigh,morethanfive,2,small,med,vhigh
84,vhigh,morethanfive,2,small,high,vhigh
85,vhigh,morethanfive,2,med,low,vhigh
86,vhigh,morethanfive,2,med,med,vhigh
87,vhigh,morethanfive,2,med,high,vhigh
88,vhigh,morethanfive,2,big,low,vhigh
89,vhigh,morethanfive,2,big,med,vhigh
90,vhigh,morethanfive,2,big,high,vhigh
91,vhigh,morethanfive,4,small,low,vhigh
92,vhigh,morethanfive,4,small,med,vhigh
93,vhigh,morethanfive,4,small,high,vhigh
94,vhigh,morethanfive,4,med,low,vhigh
95,vhigh,morethanfive,4,med,med,vhigh
96,vhigh,morethanfive,4,med,high,vhigh
97,vhigh,morethanfive,4,big,low,vhigh
98,vhigh,morethanfive,4,big,med,vhigh
99,vhigh,morethanfive,4,big,high,vhigh
100,vhigh,morethanfive,more,small,low,vhigh
101,vhigh,morethanfive,more,small,med,vhigh
102,vhigh,morethanfive,more,small,high,vhigh
103,vhigh,morethanfive,more,med,low,vhigh
104,vhigh,morethanfive,more,med,med,vhigh
105,vhigh,morethanfive,more,med,high,vhigh
106,vhigh,morethanfive,more,big,low,vhigh
107,vhigh,morethanfive,more,big,med,vhigh
108,vhigh,morethanfive,more,big,high,vhigh
109,high,2,2,small,low,vhigh
110,high,2,2,small,med,vhigh
111,high,2,2,small,high,vhigh
112,high,2,2,med,low,vhigh
113,high,2,2,med,med,vhigh
114,high,2,2,med,high,vhigh
115,high,2,2,big,low,vhigh
116,high,2,2,big,med,vhigh
117,high,2,2,big,high,vhigh
118,high,2,4,small,low,vhigh
119,high,2,4,small,med,vhigh
120,high,2,4,small,high,vhigh
121,high,2,4,med,low,vhigh
122,high,2,4,med,med,vhigh
123,high,2,4,med,high,vhigh
124,high,2,4,big,low,vhigh
125,high,2,4,big,med,vhigh
126,high,2,4,big,high,vhigh
127,high,2,more,small,low,vhigh
128,high,2,more,small,med,vhigh
129,high,2,more,small,high,vhigh
130,high,2,more,med,low,vhigh
131,high,2,more,med,med,vhigh
132,high,2,more,med,high,vhigh
133,high,2,more,big,low,vhigh
134,high,2,more,big,med,vhigh
135,high,2,more,big,high,vhigh
136,high,3,2,small,low,vhigh
137,high,3,2,small,med,vhigh
138,high,3,2,small,high,vhigh
139,high,3,2,med,low,vhigh
140,high,3,2,med,med,vhigh
141,high,3,2,med,high,vhigh
142,high,3,2,big,low,vhigh
143,high,3,2,big,med,vhigh
144,high,3,2,big,high,vhigh
145,high,3,4,small,low,vhigh
146,high,3,4,small,med,vhigh
147,high,3,4,small,high,vhigh
148,high,3,4,med,low,vhigh
149,high,3,4,med,med,vhigh
150,high,3,4,med,high,vhigh
151,high,3,4,big,low,vhigh
152,high,3,4,big,med,vhigh
153,high,3,4,big,high,vhigh
154,high,3,more,small,low,vhigh
155,high,3,more,small,med,vhigh
156,high,3,more,small,high,vhigh
157,high,3,more,med,low,vhigh
158,high,3,more,med,med,vhigh
159,high,3,more,med,high,vhigh
160,high,3,more,big,low,vhigh
161,high,3,more,big,med,vhigh
162,high,3,more,big,high,vhigh
163,high,4,2,small,low,vhigh
164,high,4,2,small,med,vhigh
165,high,4,2,small,high,vhigh
166,high,4,2,med,low,vhigh
167,high,4,2,med,med,vhigh
168,high,4,2,med,high,vhigh
169,high,4,2,big,low,vhigh
170,high,4,2,big,med,vhigh
171,high,4,2,big,high,vhigh
172,high,4,4,small,low,vhigh
173,high,4,4,small,med,vhigh
174,high,4,4,small,high,vhigh
175,high,4,4,med,low,vhigh
176,high,4,4,med,med,vhigh
177,high,4,4,med,high,vhigh
178,high,4,4,big,low,vhigh
179,high,4,4,big,med,vhigh
180,high,4,4,big,high,vhigh
181,high,4,more,small,low,vhigh
182,high,4,more,small,med,vhigh
183,high,4,more,small,high,vhigh
184,high,4,more,med,low,vhigh
185,high,4,more,med,med,vhigh
186,high,4,more,med,high,vhigh
187,high,4,more,big,low,vhigh
188,high,4,more,big,med,vhigh
189,high,4,more,big,high,vhigh
190,high,morethanfive,2,small,low,vhigh
191,high,morethanfive,2,small,med,vhigh
192,high,morethanfive,2,small,high,vhigh
193,high,morethanfive,2,med,low,vhigh
194,high,morethanfive,2,med,med,vhigh
195,high,morethanfive,2,med,high,vhigh
196,high,morethanfive,2,big,low,vhigh
197,high,morethanfive,2,big,med,vhigh
198,high,morethanfive,2,big,high,vhigh
199,high,morethanfive,4,small,low,vhigh
200,high,morethanfive,4,small,med,vhigh
201,high,morethanfive,4,small,high,vhigh
202,high,morethanfive,4,med,low,vhigh
203,high,morethanfive,4,med,med,vhigh
204,high,morethanfive,4,med,high,vhigh
205,high,morethanfive,4,big,low,vhigh
206,high,morethanfive,4,big,med,vhigh
207,high,morethanfive,4,big,high,vhigh
208,high,morethanfive,more,small,low,vhigh
209,high,morethanfive,more,small,med,vhigh
210,high,morethanfive,more,small,high,vhigh
211,high,morethanfive,more,med,low,vhigh
212,high,morethanfive,more,med,med,vhigh
213,high,morethanfive,more,med,high,vhigh
214,high,morethanfive,more,big,low,vhigh
215,high,morethanfive,more,big,med,vhigh
216,high,morethanfive,more,big,high,vhigh
217,med,2,2,small,low,vhigh
218,med,2,2,small,med,vhigh
219,med,2,2,small,high,vhigh
220,med,2,2,med,low,vhigh
221,med,2,2,med,med,vhigh
222,med,2,2,med,high,vhigh
223,med,2,2,big,low,vhigh
224,med,2,2,big,med,vhigh
225,med,2,2,big,high,vhigh
226,med,2,4,small,low,vhigh
227,med,2,4,small,med,vhigh
228,med,2,4,small,high,vhigh
229,med,2,4,med,low,vhigh
230,med,2,4,med,med,vhigh
231,med,2,4,med,high,vhigh
232,med,2,4,big,low,vhigh
233,med,2,4,big,med,vhigh
234,med,2,4,big,high,vhigh
235,med,2,more,small,low,vhigh
236,med,2,more,small,med,vhigh
237,med,2,more,small,high,vhigh
238,med,2,more,med,low,vhigh
239,med,2,more,med,med,vhigh
240,med,2,more,med,high,vhigh
241,med,2,more,big,low,vhigh
242,med,2,more,big,med,vhigh
243,med,2,more,big,high,vhigh
244,med,3,2,small,low,vhigh
245,med,3,2,small,med,vhigh
246,med,3,2,small,high,vhigh
247,med,3,2,med,low,vhigh
248,med,3,2,med,med,vhigh
249,med,3,2,med,high,vhigh
250,med,3,2,big,low,vhigh
251,med,3,2,big,med,vhigh
252,med,3,2,big,high,vhigh
253,med,3,4,small,low,vhigh
254,med,3,4,small,med,vhigh
255,med,3,4,small,high,vhigh
256,med,3,4,med,low,vhigh
257,med,3,4,med,med,vhigh
258,med,3,4,med,high,vhigh
259,med,3,4,big,low,vhigh
260,med,3,4,big,med,vhigh
261,med,3,4,big,high,vhigh
262,med,3,more,small,low,vhigh
263,med,3,more,small,med,vhigh
264,med,3,more,small,high,vhigh
265,med,3,more,med,low,vhigh
266,med,3,more,med,med,vhigh
267,med,3,more,med,high,vhigh
268,med,3,more,big,low,vhigh
269,med,3,more,big,med,vhigh
270,med,3,more,big,high,vhigh
271,med,4,2,small,low,vhigh
272,med,4,2,small,med,vhigh
273,med,4,2,small,high,vhigh
274,med,4,2,med,low,vhigh
275,med,4,2,med,med,vhigh
276,med,4,2,med,high,vhigh
277,med,4,2,big,low,vhigh
278,med,4,2,big,med,vhigh
279,med,4,2,big,high,vhigh
280,med,4,4,small,low,vhigh
281,med,4,4,small,med,vhigh
282,med,4,4,small,high,vhigh
283,med,4,4,med,low,vhigh
284,med,4,4,med,med,vhigh
285,med,4,4,med,high,vhigh
286,med,4,4,big,low,vhigh
287,med,4,4,big,med,vhigh
288,med,4,4,big,high,vhigh
289,med,4,more,small,low,vhigh
290,med,4,more,small,med,vhigh
291,med,4,more,small,high,vhigh
292,med,4,more,med,low,vhigh
293,med,4,more,med,med,vhigh
294,med,4,more,med,high,vhigh
295,med,4,more,big,low,vhigh
296,med,4,more,big,med,vhigh
297,med,4,more,big,high,vhigh
298,med,morethanfive,2,small,low,vhigh
299,med,morethanfive,2,small,med,vhigh
300,med,morethanfive,2,small,high,vhigh
301,med,morethanfive,2,med,low,vhigh
302,med,morethanfive,2,med,med,vhigh
303,med,morethanfive,2,med,high,vhigh
304,med,morethanfive,2,big,low,vhigh
305,med,morethanfive,2,big,med,vhigh
306,med,morethanfive,2,big,high,vhigh
307,med,morethanfive,4,small,low,vhigh
308,med,morethanfive,4,small,med,vhigh
309,med,morethanfive,4,small,high,vhigh
310,med,morethanfive,4,med,low,vhigh
311,med,morethanfive,4,med,med,vhigh
312,med,morethanfive,4,med,high,vhigh
313,med,morethanfive,4,big,low,vhigh
314,med,morethanfive,4,big,med,vhigh
315,med,morethanfive,4,big,high,vhigh
316,med,morethanfive,more,small,low,vhigh
317,med,morethanfive,more,small,med,vhigh
318,med,morethanfive,more,small,high,vhigh
319,med,morethanfive,more,med,low,vhigh
320,med,morethanfive,more,med,med,vhigh
321,med,morethanfive,more,med,high,vhigh
322,med,morethanfive,more,big,low,vhigh
323,med,morethanfive,more,big,med,vhigh
324,med,morethanfive,more,big,high,vhigh
325,low,2,2,small,low,vhigh
326,low,2,2,small,med,vhigh
327,low,2,2,small,high,vhigh
328,low,2,2,med,low,vhigh
329,low,2,2,med,med,vhigh
330,low,2,2,med,high,vhigh
331,low,2,2,big,low,vhigh
332,low,2,2,big,med,vhigh
333,low,2,2,big,high,vhigh
334,low,2,4,small,low,vhigh
335,low,2,4,small,med,vhigh
336,low,2,4,small,high,vhigh
337,low,2,4,med,low,vhigh
338,low,2,4,med,med,vhigh
339,low,2,4,med,high,vhigh
340,low,2,4,big,low,vhigh
341,low,2,4,big,med,vhigh
342,low,2,4,big,high,vhigh
343,low,2,more,small,low,vhigh
344,low,2,more,small,med,vhigh
345,low,2,more,small,high,vhigh
346,low,2,more,med,low,vhigh
347,low,2,more,med,med,vhigh
348,low,2,more,med,high,vhigh
349,low,2,more,big,low,vhigh
350,low,2,more,big,med,vhigh
351,low,2,more,big,high,vhigh
352,low,3,2,small,low,vhigh
353,low,3,2,small,med,vhigh
354,low,3,2,small,high,vhigh
355,low,3,2,med,low,vhigh
356,low,3,2,med,med,vhigh
357,low,3,2,med,high,vhigh
358,low,3,2,big,low,vhigh
359,low,3,2,big,med,vhigh
360,low,3,2,big,high,vhigh
361,low,3,4,small,low,vhigh
362,low,3,4,small,med,vhigh
363,low,3,4,small,high,vhigh
364,low,3,4,med,low,vhigh
365,low,3,4,med,med,vhigh
366,low,3,4,med,high,vhigh
367,low,3,4,big,low,vhigh
368,low,3,4,big,med,vhigh
369,low,3,4,big,high,vhigh
370,low,3,more,small,low,vhigh
371,low,3,more,small,med,vhigh
372,low,3,more,small,high,vhigh
373,low,3,more,med,low,vhigh
374,low,3,more,med,med,vhigh
375,low,3,more,med,high,vhigh
376,low,3,more,big,low,vhigh
377,low,3,more,big,med,vhigh
378,low,3,more,big,high,vhigh
379,low,4,2,small,low,vhigh
380,low,4,2,small,med,vhigh
381,low,4,2,small,high,vhigh
382,low,4,2,med,low,vhigh
383,low,4,2,med,med,vhigh
384,low,4,2,med,high,vhigh
385,low,4,2,big,low,vhigh
386,low,4,2,big,med,vhigh
387,low,4,2,big,high,vhigh
388,low,4,4,small,low,vhigh
389,low,4,4,small,med,vhigh
390,low,4,4,small,high,vhigh
391,low,4,4,med,low,vhigh
392,low,4,4,med,med,vhigh
393,low,4,4,med,high,vhigh
394,low,4,4,big,low,vhigh
395,low,4,4,big,med,vhigh
396,low,4,4,big,high,vhigh
397,low,4,more,small,low,vhigh
398,low,4,more,small,med,vhigh
399,low,4,more,small,high,vhigh
400,low,4,more,med,low,vhigh
401,low,4,more,med,med,vhigh
402,low,4,more,med,high,vhigh
403,low,4,more,big,low,vhigh
404,low,4,more,big,med,vhigh
405,low,4,more,big,high,vhigh
406,low,morethanfive,2,small,low,vhigh
407,low,morethanfive,2,small,med,vhigh
408,low,morethanfive,2,small,high,vhigh
409,low,morethanfive,2,med,low,vhigh
410,low,morethanfive,2,med,med,vhigh
411,low,morethanfive,2,med,high,vhigh
412,low,morethanfive,2,big,low,vhigh
413,low,morethanfive,2,big,med,vhigh
414,low,morethanfive,2,big,high,vhigh
415,low,morethanfive,4,small,low,vhigh
416,low,morethanfive,4,small,med,vhigh
417,low,morethanfive,4,small,high,vhigh
418,low,morethanfive,4,med,low,vhigh
419,low,morethanfive,4,med,med,vhigh
420,low,morethanfive,4,med,high,vhigh
421,low,morethanfive,4,big,low,vhigh
422,low,morethanfive,4,big,med,vhigh
423,low,morethanfive,4,big,high,vhigh
424,low,morethanfive,more,small,low,vhigh
425,low,morethanfive,more,small,med,vhigh
426,low,morethanfive,more,small,high,vhigh
427,low,morethanfive,more,med,low,vhigh
428,low,morethanfive,more,med,med,vhigh
429,low,morethanfive,more,med,high,vhigh
430,low,morethanfive,more,big,low,vhigh
431,low,morethanfive,more,big,med,vhigh
432,low,morethanfive,more,big,high,vhigh
433,vhigh,2,2,small,low,high
434,vhigh,2,2,small,med,high
435,vhigh,2,2,small,high,high
436,vhigh,2,2,med,low,high
437,vhigh,2,2,med,med,high
438,vhigh,2,2,med,high,high
439,vhigh,2,2,big,low,high
440,vhigh,2,2,big,med,high
441,vhigh,2,2,big,high,high
442,vhigh,2,4,small,low,high
443,vhigh,2,4,small,med,high
444,vhigh,2,4,small,high,high
445,vhigh,2,4,med,low,high
446,vhigh,2,4,med,med,high
447,vhigh,2,4,med,high,high
448,vhigh,2,4,big,low,high
449,vhigh,2,4,big,med,high
450,vhigh,2,4,big,high,high
451,vhigh,2,more,small,low,high
452,vhigh,2,more,small,med,high
453,vhigh,2,more,small,high,high
454,vhigh,2,more,med,low,high
455,vhigh,2,more,med,med,high
456,vhigh,2,more,med,high,high
457,vhigh,2,more,big,low,high
458,vhigh,2,more,big,med,high
459,vhigh,2,more,big,high,high
460,vhigh,3,2,small,low,high
461,vhigh,3,2,small,med,high
462,vhigh,3,2,small,high,high
463,vhigh,3,2,med,low,high
464,vhigh,3,2,med,med,high
465,vhigh,3,2,med,high,high
466,vhigh,3,2,big,low,high
467,vhigh,3,2,big,med,high
468,vhigh,3,2,big,high,high
469,vhigh,3,4,small,low,high
470,vhigh,3,4,small,med,high
471,vhigh,3,4,small,high,high
472,vhigh,3,4,med,low,high
473,vhigh,3,4,med,med,high
474,vhigh,3,4,med,high,high
475,vhigh,3,4,big,low,high
476,vhigh,3,4,big,med,high
477,vhigh,3,4,big,high,high
478,vhigh,3,more,small,low,high
479,vhigh,3,more,small,med,high
480,vhigh,3,more,small,high,high
481,vhigh,3,more,med,low,high
482,vhigh,3,more,med,med,high
483,vhigh,3,more,med,high,high
484,vhigh,3,more,big,low,high
485,vhigh,3,more,big,med,high
486,vhigh,3,more,big,high,high
487,vhigh,4,2,small,low,high
488,vhigh,4,2,small,med,high
489,vhigh,4,2,small,high,high
490,vhigh,4,2,med,low,high
491,vhigh,4,2,med,med,high
492,vhigh,4,2,med,high,high
493,vhigh,4,2,big,low,high
494,vhigh,4,2,big,med,high
495,vhigh,4,2,big,high,high
496,vhigh,4,4,small,low,high
497,vhigh,4,4,small,med,high
498,vhigh,4,4,small,high,high
499,vhigh,4,4,med,low,high
500,vhigh,4,4,med,med,high
501,vhigh,4,4,med,high,high
502,vhigh,4,4,big,low,high
503,vhigh,4,4,big,med,high
504,vhigh,4,4,big,high,high
505,vhigh,4,more,small,low,high
506,vhigh,4,more,small,med,high
507,vhigh,4,more,small,high,high
508,vhigh,4,more,med,low,high
509,vhigh,4,more,med,med,high
510,vhigh,4,more,med,high,high
511,vhigh,4,more,big,low,high
512,vhigh,4,more,big,med,high
513,vhigh,4,more,big,high,high
514,vhigh,morethanfive,2,small,low,high
515,vhigh,morethanfive,2,small,med,high
516,vhigh,morethanfive,2,small,high,high
517,vhigh,morethanfive,2,med,low,high
518,vhigh,morethanfive,2,med,med,high
519,vhigh,morethanfive,2,med,high,high
520,vhigh,morethanfive,2,big,low,high
521,vhigh,morethanfive,2,big,med,high
522,vhigh,morethanfive,2,big,high,high
523,vhigh,morethanfive,4,small,low,high
524,vhigh,morethanfive,4,small,med,high
525,vhigh,morethanfive,4,small,high,high
526,vhigh,morethanfive,4,med,low,high
527,vhigh,morethanfive,4,med,med,high
528,vhigh,morethanfive,4,med,high,high
529,vhigh,morethanfive,4,big,low,high
530,vhigh,morethanfive,4,big,med,high
531,vhigh,morethanfive,4,big,high,high
532,vhigh,morethanfive,more,small,low,high
533,vhigh,morethanfive,more,small,med,high
534,vhigh,morethanfive,more,small,high,high
535,vhigh,morethanfive,more,med,low,high
536,vhigh,morethanfive,more,med,med,high
537,vhigh,morethanfive,more,med,high,high
538,vhigh,morethanfive,more,big,low,high
539,vhigh,morethanfive,more,big,med,high
540,vhigh,morethanfive,more,big,high,high
541,high,2,2,small,low,high
542,high,2,2,small,med,high
543,high,2,2,small,high,high
544,high,2,2,med,low,high
545,high,2,2,med,med,high
546,high,2,2,med,high,high
547,high,2,2,big,low,high
548,high,2,2,big,med,high
549,high,2,2,big,high,high
550,high,2,4,small,low,high
551,high,2,4,small,med,high
552,high,2,4,small,high,high
553,high,2,4,med,low,high
554,high,2,4,med,med,high
555,high,2,4,med,high,high
556,high,2,4,big,low,high
557,high,2,4,big,med,high
558,high,2,4,big,high,high
559,high,2,more,small,low,high
560,high,2,more,small,med,high
561,high,2,more,small,high,high
562,high,2,more,med,low,high
563,high,2,more,med,med,high
564,high,2,more,med,high,high
565,high,2,more,big,low,high
566,high,2,more,big,med,high
567,high,2,more,big,high,high
568,high,3,2,small,low,high
569,high,3,2,small,med,high
570,high,3,2,small,high,high
571,high,3,2,med,low,high
572,high,3,2,med,med,high
573,high,3,2,med,high,high
574,high,3,2,big,low,high
575,high,3,2,big,med,high
576,high,3,2,big,high,high
577,high,3,4,small,low,high
578,high,3,4,small,med,high
579,high,3,4,small,high,high
580,high,3,4,med,low,high
581,high,3,4,med,med,high
582,high,3,4,med,high,high
583,high,3,4,big,low,high
584,high,3,4,big,med,high
585,high,3,4,big,high,high
586,high,3,more,small,low,high
587,high,3,more,small,med,high
588,high,3,more,small,high,high
589,high,3,more,med,low,high
590,high,3,more,med,med,high
591,high,3,more,med,high,high
592,high,3,more,big,low,high
593,high,3,more,big,med,high
594,high,3,more,big,high,high
595,high,4,2,small,low,high
596,high,4,2,small,med,high
597,high,4,2,small,high,high
598,high,4,2,med,low,high
599,high,4,2,med,med,high
600,high,4,2,med,high,high
601,high,4,2,big,low,high
602,high,4,2,big,med,high
603,high,4,2,big,high,high
604,high,4,4,small,low,high
605,high,4,4,small,med,high
606,high,4,4,small,high,high
607,high,4,4,med,low,high
608,high,4,4,med,med,high
609,high,4,4,med,high,high
610,high,4,4,big,low,high
611,high,4,4,big,med,high
612,high,4,4,big,high,high
613,high,4,more,small,low,high
614,high,4,more,small,med,high
615,high,4,more,small,high,high
616,high,4,more,med,low,high
617,high,4,more,med,med,high
618,high,4,more,med,high,high
619,high,4,more,big,low,high
620,high,4,more,big,med,high
621,high,4,more,big,high,high
622,high,morethanfive,2,small,low,high
623,high,morethanfive,2,small,med,high
624,high,morethanfive,2,small,high,high
625,high,morethanfive,2,med,low,high
626,high,morethanfive,2,med,med,high
627,high,morethanfive,2,med,high,high
628,high,morethanfive,2,big,low,high
629,high,morethanfive,2,big,med,high
630,high,morethanfive,2,big,high,high
631,high,morethanfive,4,small,low,high
632,high,morethanfive,4,small,med,high
633,high,morethanfive,4,small,high,high
634,high,morethanfive,4,med,low,high
635,high,morethanfive,4,med,med,high
636,high,morethanfive,4,med,high,high
637,high,morethanfive,4,big,low,high
638,high,morethanfive,4,big,med,high
639,high,morethanfive,4,big,high,high
640,high,morethanfive,more,small,low,high
641,high,morethanfive,more,small,med,high
642,high,morethanfive,more,small,high,high
643,high,morethanfive,more,med,low,high
644,high,morethanfive,more,med,med,high
645,high,morethanfive,more,med,high,high
646,high,morethanfive,more,big,low,high
647,high,morethanfive,more,big,med,high
648,high,morethanfive,more,big,high,high
649,med,2,2,small,low,high
650,med,2,2,small,med,high
651,med,2,2,small,high,high
652,med,2,2,med,low,high
653,med,2,2,med,med,high
654,med,2,2,med,high,high
655,med,2,2,big,low,high
656,med,2,2,big,med,high
657,med,2,2,big,high,high
658,med,2,4,small,low,high
659,med,2,4,small,med,high
660,med,2,4,small,high,high
661,med,2,4,med,low,high
662,med,2,4,med,med,high
663,med,2,4,med,high,high
664,med,2,4,big,low,high
665,med,2,4,big,med,high
666,med,2,4,big,high,high
667,med,2,more,small,low,high
668,med,2,more,small,med,high
669,med,2,more,small,high,high
670,med,2,more,med,low,high
671,med,2,more,med,med,high
672,med,2,more,med,high,high
673,med,2,more,big,low,high
674,med,2,more,big,med,high
675,med,2,more,big,high,high
676,med,3,2,small,low,high
677,med,3,2,small,med,high
678,med,3,2,small,high,high
679,med,3,2,med,low,high
680,med,3,2,med,med,high
681,med,3,2,med,high,high
682,med,3,2,big,low,high
683,med,3,2,big,med,high
684,med,3,2,big,high,high
685,med,3,4,small,low,high
686,med,3,4,small,med,high
687,med,3,4,small,high,high
688,med,3,4,med,low,high
689,med,3,4,med,med,high
690,med,3,4,med,high,high
691,med,3,4,big,low,high
692,med,3,4,big,med,high
693,med,3,4,big,high,high
694,med,3,more,small,low,high
695,med,3,more,small,med,high
696,med,3,more,small,high,high
697,med,3,more,med,low,high
698,med,3,more,med,med,high
699,med,3,more,med,high,high
700,med,3,more,big,low,high
701,med,3,more,big,med,high
702,med,3,more,big,high,high
703,med,4,2,small,low,high
704,med,4,2,small,med,high
705,med,4,2,small,high,high
706,med,4,2,med,low,high
707,med,4,2,med,med,high
708,med,4,2,med,high,high
709,med,4,2,big,low,high
710,med,4,2,big,med,high
711,med,4,2,big,high,high
712,med,4,4,small,low,high
713,med,4,4,small,med,high
714,med,4,4,small,high,high
715,med,4,4,med,low,high
716,med,4,4,med,med,high
717,med,4,4,med,high,high
718,med,4,4,big,low,high
719,med,4,4,big,med,high
720,med,4,4,big,high,high
721,med,4,more,small,low,high
722,med,4,more,small,med,high
723,med,4,more,small,high,high
724,med,4,more,med,low,high
725,med,4,more,med,med,high
726,med,4,more,med,high,high
727,med,4,more,big,low,high
728,med,4,more,big,med,high
729,med,4,more,big,high,high
730,med,morethanfive,2,small,low,high
731,med,morethanfive,2,small,med,high
732,med,morethanfive,2,small,high,high
733,med,morethanfive,2,med,low,high
734,med,morethanfive,2,med,med,high
735,med,morethanfive,2,med,high,high
736,med,morethanfive,2,big,low,high
737,med,morethanfive,2,big,med,high
738,med,morethanfive,2,big,high,high
739,med,morethanfive,4,small,low,high
740,med,morethanfive,4,small,med,high
741,med,morethanfive,4,small,high,high
742,med,morethanfive,4,med,low,high
743,med,morethanfive,4,med,med,high
744,med,morethanfive,4,med,high,high
745,med,morethanfive,4,big,low,high
746,med,morethanfive,4,big,med,high
747,med,morethanfive,4,big,high,high
748,med,morethanfive,more,small,low,high
749,med,morethanfive,more,small,med,high
750,med,morethanfive,more,small,high,high
751,med,morethanfive,more,med,low,high
752,med,morethanfive,more,med,med,high
753,med,morethanfive,more,med,high,high
754,med,morethanfive,more,big,low,high
755,med,morethanfive,more,big,med,high
756,med,morethanfive,more,big,high,high
757,low,2,2,small,low,high
758,low,2,2,small,med,high
759,low,2,2,small,high,high
760,low,2,2,med,low,high
761,low,2,2,med,med,high
762,low,2,2,med,high,high
763,low,2,2,big,low,high
764,low,2,2,big,med,high
765,low,2,2,big,high,high
766,low,2,4,small,low,high
767,low,2,4,small,med,high
768,low,2,4,small,high,high
769,low,2,4,med,low,high
770,low,2,4,med,med,high
771,low,2,4,med,high,high
772,low,2,4,big,low,high
773,low,2,4,big,med,high
774,low,2,4,big,high,high
775,low,2,more,small,low,high
776,low,2,more,small,med,high
777,low,2,more,small,high,high
778,low,2,more,med,low,high
779,low,2,more,med,med,high
780,low,2,more,med,high,high
781,low,2,more,big,low,high
782,low,2,more,big,med,high
783,low,2,more,big,high,high
784,low,3,2,small,low,high
785,low,3,2,small,med,high
786,low,3,2,small,high,high
787,low,3,2,med,low,high
788,low,3,2,med,med,high
789,low,3,2,med,high,high
790,low,3,2,big,low,high
791,low,3,2,big,med,high
792,low,3,2,big,high,high
793,low,3,4,small,low,high
794,low,3,4,small,med,high
795,low,3,4,small,high,high
796,low,3,4,med,low,high
797,low,3,4,med,med,high
798,low,3,4,med,high,high
799,low,3,4,big,low,high
800,low,3,4,big,med,high
801,low,3,4,big,high,high
802,low,3,more,small,low,high
803,low,3,more,small,med,high
804,low,3,more,small,high,high
805,low,3,more,med,low,high
806,low,3,more,med,med,high
807,low,3,more,med,high,high
808,low,3,more,big,low,high
809,low,3,more,big,med,high
810,low,3,more,big,high,high
811,low,4,2,small,low,high
812,low,4,2,small,med,high
813,low,4,2,small,high,high
814,low,4,2,med,low,high
815,low,4,2,med,med,high
816,low,4,2,med,high,high
817,low,4,2,big,low,high
818,low,4,2,big,med,high
819,low,4,2,big,high,high
820,low,4,4,small,low,high
821,low,4,4,small,med,high
822,low,4,4,small,high,high
823,low,4,4,med,low,high
824,low,4,4,med,med,high
825,low,4,4,med,high,high
826,low,4,4,big,low,high
827,low,4,4,big,med,high
828,low,4,4,big,high,high
829,low,4,more,small,low,high
830,low,4,more,small,med,high
831,low,4,more,small,high,high
832,low,4,more,med,low,high
833,low,4,more,med,med,high
834,low,4,more,med,high,high
835,low,4,more,big,low,high
836,low,4,more,big,med,high
837,low,4,more,big,high,high
838,low,morethanfive,2,small,low,high
839,low,morethanfive,2,small,med,high
840,low,morethanfive,2,small,high,high
841,low,morethanfive,2,med,low,high
842,low,morethanfive,2,med,med,high
843,low,morethanfive,2,med,high,high
844,low,morethanfive,2,big,low,high
845,low,morethanfive,2,big,med,high
846,low,morethanfive,2,big,high,high
847,low,morethanfive,4,small,low,high
848,low,morethanfive,4,small,med,high
849,low,morethanfive,4,small,high,high
850,low,morethanfive,4,med,low,high
851,low,morethanfive,4,med,med,high
852,low,morethanfive,4,med,high,high
853,low,morethanfive,4,big,low,high
854,low,morethanfive,4,big,med,high
855,low,morethanfive,4,big,high,high
856,low,morethanfive,more,small,low,high
857,low,morethanfive,more,small,med,high
858,low,morethanfive,more,small,high,high
859,low,morethanfive,more,med,low,high
860,low,morethanfive,more,med,med,high
861,low,morethanfive,more,med,high,high
862,low,morethanfive,more,big,low,high
863,low,morethanfive,more,big,med,high
864,low,morethanfive,more,big,high,high
865,vhigh,2,2,small,low,med
866,vhigh,2,2,small,med,med
867,vhigh,2,2,small,high,med
868,vhigh,2,2,med,low,med
869,vhigh,2,2,med,med,med
870,vhigh,2,2,med,high,med
871,vhigh,2,2,big,low,med
872,vhigh,2,2,big,med,med
873,vhigh,2,2,big,high,med
874,vhigh,2,4,small,low,med
875,vhigh,2,4,small,med,med
876,vhigh,2,4,small,high,med
877,vhigh,2,4,med,low,med
878,vhigh,2,4,med,med,med
879,vhigh,2,4,med,high,med
880,vhigh,2,4,big,low,med
881,vhigh,2,4,big,med,med
882,vhigh,2,4,big,high,med
883,vhigh,2,more,small,low,med
884,vhigh,2,more,small,med,med
885,vhigh,2,more,small,high,med
886,vhigh,2,more,med,low,med
887,vhigh,2,more,med,med,med
888,vhigh,2,more,med,high,med
889,vhigh,2,more,big,low,med
890,vhigh,2,more,big,med,med
891,vhigh,2,more,big,high,med
892,vhigh,3,2,small,low,med
893,vhigh,3,2,small,med,med
894,vhigh,3,2,small,high,med
895,vhigh,3,2,med,low,med
896,vhigh,3,2,med,med,med
897,vhigh,3,2,med,high,med
898,vhigh,3,2,big,low,med
899,vhigh,3,2,big,med,med
900,vhigh,3,2,big,high,med
901,vhigh,3,4,small,low,med
902,vhigh,3,4,small,med,med
903,vhigh,3,4,small,high,med
904,vhigh,3,4,med,low,med
905,vhigh,3,4,med,med,med
906,vhigh,3,4,med,high,med
907,vhigh,3,4,big,low,med
908,vhigh,3,4,big,med,med
909,vhigh,3,4,big,high,med
910,vhigh,3,more,small,low,med
911,vhigh,3,more,small,med,med
912,vhigh,3,more,small,high,med
913,vhigh,3,more,med,low,med
914,vhigh,3,more,med,med,med
915,vhigh,3,more,med,high,med
916,vhigh,3,more,big,low,med
917,vhigh,3,more,big,med,med
918,vhigh,3,more,big,high,med
919,vhigh,4,2,small,low,med
920,vhigh,4,2,small,med,med
921,vhigh,4,2,small,high,med
922,vhigh,4,2,med,low,med
923,vhigh,4,2,med,med,med
924,vhigh,4,2,med,high,med
925,vhigh,4,2,big,low,med
926,vhigh,4,2,big,med,med
927,vhigh,4,2,big,high,med
928,vhigh,4,4,small,low,med
929,vhigh,4,4,small,med,med
930,vhigh,4,4,small,high,med
931,vhigh,4,4,med,low,med
932,vhigh,4,4,med,med,med
933,vhigh,4,4,med,high,med
934,vhigh,4,4,big,low,med
935,vhigh,4,4,big,med,med
936,vhigh,4,4,big,high,med
937,vhigh,4,more,small,low,med
938,vhigh,4,more,small,med,med
939,vhigh,4,more,small,high,med
940,vhigh,4,more,med,low,med
941,vhigh,4,more,med,med,med
942,vhigh,4,more,med,high,med
943,vhigh,4,more,big,low,med
944,vhigh,4,more,big,med,med
945,vhigh,4,more,big,high,med
946,vhigh,morethanfive,2,small,low,med
947,vhigh,morethanfive,2,small,med,med
948,vhigh,morethanfive,2,small,high,med
949,vhigh,morethanfive,2,med,low,med
950,vhigh,morethanfive,2,med,med,med
951,vhigh,morethanfive,2,med,high,med
952,vhigh,morethanfive,2,big,low,med
953,vhigh,morethanfive,2,big,med,med
954,vhigh,morethanfive,2,big,high,med
955,vhigh,morethanfive,4,small,low,med
956,vhigh,morethanfive,4,small,med,med
957,vhigh,morethanfive,4,small,high,med
958,vhigh,morethanfive,4,med,low,med
959,vhigh,morethanfive,4,med,med,med
960,vhigh,morethanfive,4,med,high,med
961,vhigh,morethanfive,4,big,low,med
962,vhigh,morethanfive,4,big,med,med
963,vhigh,morethanfive,4,big,high,med
964,vhigh,morethanfive,more,small,low,med
965,vhigh,morethanfive,more,small,med,med
966,vhigh,morethanfive,more,small,high,med
967,vhigh,morethanfive,more,med,low,med
968,vhigh,morethanfive,more,med,med,med
969,vhigh,morethanfive,more,med,high,med
970,vhigh,morethanfive,more,big,low,med
971,vhigh,morethanfive,more,big,med,med
972,vhigh,morethanfive,more,big,high,med
973,high,2,2,small,low,med
974,high,2,2,small,med,med
975,high,2,2,small,high,med
976,high,2,2,med,low,med
977,high,2,2,med,med,med
978,high,2,2,med,high,med
979,high,2,2,big,low,med
980,high,2,2,big,med,med
981,high,2,2,big,high,med
982,high,2,4,small,low,med
983,high,2,4,small,med,med
984,high,2,4,small,high,med
985,high,2,4,med,low,med
986,high,2,4,med,med,med
987,high,2,4,med,high,med
988,high,2,4,big,low,med
989,high,2,4,big,med,med
990,high,2,4,big,high,med
991,high,2,more,small,low,med
992,high,2,more,small,med,med
993,high,2,more,small,high,med
994,high,2,more,med,low,med
995,high,2,more,med,med,med
996,high,2,more,med,high,med
997,high,2,more,big,low,med
998,high,2,more,big,med,med
999,high,2,more,big,high,med
1000,high,3,2,small,low,med
1001,high,3,2,small,med,med
1002,high,3,2,small,high,med
1003,high,3,2,med,low,med
1004,high,3,2,med,med,med
1005,high,3,2,med,high,med
1006,high,3,2,big,low,med
1007,high,3,2,big,med,med
1008,high,3,2,big,high,med
1009,high,3,4,small,low,med
1010,high,3,4,small,med,med
1011,high,3,4,small,high,med
1012,high,3,4,med,low,med
1013,high,3,4,med,med,med
1014,high,3,4,med,high,med
1015,high,3,4,big,low,med
1016,high,3,4,big,med,med
1017,high,3,4,big,high,med
1018,high,3,more,small,low,med
1019,high,3,more,small,med,med
1020,high,3,more,small,high,med
1021,high,3,more,med,low,med
1022,high,3,more,med,med,med
1023,high,3,more,med,high,med
1024,high,3,more,big,low,med
1025,high,3,more,big,med,med
1026,high,3,more,big,high,med
1027,high,4,2,small,low,med
1028,high,4,2,small,med,med
1029,high,4,2,small,high,med
1030,high,4,2,med,low,med
1031,high,4,2,med,med,med
1032,high,4,2,med,high,med
1033,high,4,2,big,low,med
1034,high,4,2,big,med,med
1035,high,4,2,big,high,med
1036,high,4,4,small,low,med
1037,high,4,4,small,med,med
1038,high,4,4,small,high,med
1039,high,4,4,med,low,med
1040,high,4,4,med,med,med
1041,high,4,4,med,high,med
1042,high,4,4,big,low,med
1043,high,4,4,big,med,med
1044,high,4,4,big,high,med
1045,high,4,more,small,low,med
1046,high,4,more,small,med,med
1047,high,4,more,small,high,med
1048,high,4,more,med,low,med
1049,high,4,more,med,med,med
1050,high,4,more,med,high,med
1051,high,4,more,big,low,med
1052,high,4,more,big,med,med
1053,high,4,more,big,high,med
1054,high,morethanfive,2,small,low,med
1055,high,morethanfive,2,small,med,med
1056,high,morethanfive,2,small,high,med
1057,high,morethanfive,2,med,low,med
1058,high,morethanfive,2,med,med,med
1059,high,morethanfive,2,med,high,med
1060,high,morethanfive,2,big,low,med
1061,high,morethanfive,2,big,med,med
1062,high,morethanfive,2,big,high,med
1063,high,morethanfive,4,small,low,med
1064,high,morethanfive,4,small,med,med
1065,high,morethanfive,4,small,high,med
1066,high,morethanfive,4,med,low,med
1067,high,morethanfive,4,med,med,med
1068,high,morethanfive,4,med,high,med
1069,high,morethanfive,4,big,low,med
1070,high,morethanfive,4,big,med,med
1071,high,morethanfive,4,big,high,med
1072,high,morethanfive,more,small,low,med
1073,high,morethanfive,more,small,med,med
1074,high,morethanfive,more,small,high,med
1075,high,morethanfive,more,med,low,med
1076,high,morethanfive,more,med,med,med
1077,high,morethanfive,more,med,high,med
1078,high,morethanfive,more,big,low,med
1079,high,morethanfive,more,big,med,med
1080,high,morethanfive,more,big,high,med
1081,med,2,2,small,low,med
1082,med,2,2,small,med,med
1083,med,2,2,small,high,med
1084,med,2,2,med,low,med
1085,med,2,2,med,med,med
1086,med,2,2,med,high,med
1087,med,2,2,big,low,med
1088,med,2,2,big,med,med
1089,med,2,2,big,high,med
1090,med,2,4,small,low,med
1091,med,2,4,small,med,med
1092,med,2,4,small,high,med
1093,med,2,4,med,low,med
1094,med,2,4,med,med,med
1095,med,2,4,med,high,med
1096,med,2,4,big,low,med
1097,med,2,4,big,med,med
1098,med,2,4,big,high,med
1099,med,2,more,small,low,med
1100,med,2,more,small,med,med
1101,med,2,more,small,high,med
1102,med,2,more,med,low,med
1103,med,2,more,med,med,med
1104,med,2,more,med,high,med
1105,med,2,more,big,low,med
1106,med,2,more,big,med,med
1107,med,2,more,big,high,med
1108,med,3,2,small,low,med
1109,med,3,2,small,med,med
1110,med,3,2,small,high,med
1111,med,3,2,med,low,med
1112,med,3,2,med,med,med
1113,med,3,2,med,high,med
1114,med,3,2,big,low,med
1115,med,3,2,big,med,med
1116,med,3,2,big,high,med
1117,med,3,4,small,low,med
1118,med,3,4,small,med,med
1119,med,3,4,small,high,med
1120,med,3,4,med,low,med
1121,med,3,4,med,med,med
1122,med,3,4,med,high,med
1123,med,3,4,big,low,med
1124,med,3,4,big,med,med
1125,med,3,4,big,high,med
1126,med,3,more,small,low,med
1127,med,3,more,small,med,med
1128,med,3,more,small,high,med
1129,med,3,more,med,low,med
1130,med,3,more,med,med,med
1131,med,3,more,med,high,med
1132,med,3,more,big,low,med
1133,med,3,more,big,med,med
1134,med,3,more,big,high,med
1135,med,4,2,small,low,med
1136,med,4,2,small,med,med
1137,med,4,2,small,high,med
1138,med,4,2,med,low,med
1139,med,4,2,med,med,med
1140,med,4,2,med,high,med
1141,med,4,2,big,low,med
1142,med,4,2,big,med,med
1143,med,4,2,big,high,med
1144,med,4,4,small,low,med
1145,med,4,4,small,med,med
1146,med,4,4,small,high,med
1147,med,4,4,med,low,med
1148,med,4,4,med,med,med
1149,med,4,4,med,high,med
1150,med,4,4,big,low,med
1151,med,4,4,big,med,med
1152,med,4,4,big,high,med
1153,med,4,more,small,low,med
1154,med,4,more,small,med,med
1155,med,4,more,small,high,med
1156,med,4,more,med,low,med
1157,med,4,more,med,med,med
1158,med,4,more,med,high,med
1159,med,4,more,big,low,med
1160,med,4,more,big,med,med
1161,med,4,more,big,high,med
1162,med,morethanfive,2,small,low,med
1163,med,morethanfive,2,small,med,med
1164,med,morethanfive,2,small,high,med
1165,med,morethanfive,2,med,low,med
1166,med,morethanfive,2,med,med,med
1167,med,morethanfive,2,med,high,med
1168,med,morethanfive,2,big,low,med
1169,med,morethanfive,2,big,med,med
1170,med,morethanfive,2,big,high,med
1171,med,morethanfive,4,small,low,med
1172,med,morethanfive,4,small,med,med
1173,med,morethanfive,4,small,high,med
1174,med,morethanfive,4,med,low,med
1175,med,morethanfive,4,med,med,med
1176,med,morethanfive,4,med,high,med
1177,med,morethanfive,4,big,low,med
1178,med,morethanfive,4,big,med,med
1179,med,morethanfive,4,big,high,med
1180,med,morethanfive,more,small,low,med
1181,med,morethanfive,more,small,med,med
1182,med,morethanfive,more,small,high,med
1183,med,morethanfive,more,med,low,med
1184,med,morethanfive,more,med,med,med
1185,med,morethanfive,more,med,high,med
1186,med,morethanfive,more,big,low,med
1187,med,morethanfive,more,big,med,med
1188,med,morethanfive,more,big,high,med
1189,low,2,2,small,low,med
1190,low,2,2,small,med,med
1191,low,2,2,small,high,med
1192,low,2,2,med,low,med
1193,low,2,2,med,med,med
1194,low,2,2,med,high,med
1195,low,2,2,big,low,med
1196,low,2,2,big,med,med
1197,low,2,2,big,high,med
1198,low,2,4,small,low,med
1199,low,2,4,small,med,med
1200,low,2,4,small,high,med
1201,low,2,4,med,low,med
1202,low,2,4,med,med,med
1203,low,2,4,med,high,med
1204,low,2,4,big,low,med
1205,low,2,4,big,med,med
1206,low,2,4,big,high,med
1207,low,2,more,small,low,med
1208,low,2,more,small,med,med
1209,low,2,more,small,high,med
1210,low,2,more,med,low,med
1211,low,2,more,med,med,med
1212,low,2,more,med,high,med
1213,low,2,more,big,low,med
1214,low,2,more,big,med,med
1215,low,2,more,big,high,med
1216,low,3,2,small,low,med
1217,low,3,2,small,med,med
1218,low,3,2,small,high,med
1219,low,3,2,med,low,med
1220,low,3,2,med,med,med
1221,low,3,2,med,high,med
1222,low,3,2,big,low,med
1223,low,3,2,big,med,med
1224,low,3,2,big,high,med
1225,low,3,4,small,low,med
1226,low,3,4,small,med,med
1227,low,3,4,small,high,med
1228,low,3,4,med,low,med
1229,low,3,4,med,med,med
1230,low,3,4,med,high,med
1231,low,3,4,big,low,med
1232,low,3,4,big,med,med
1233,low,3,4,big,high,med
1234,low,3,more,small,low,med
1235,low,3,more,small,med,med
1236,low,3,more,small,high,med
1237,low,3,more,med,low,med
1238,low,3,more,med,med,med
1239,low,3,more,med,high,med
1240,low,3,more,big,low,med
1241,low,3,more,big,med,med
1242,low,3,more,big,high,med
1243,low,4,2,small,low,med
1244,low,4,2,small,med,med
1245,low,4,2,small,high,med
1246,low,4,2,med,low,med
1247,low,4,2,med,med,med
1248,low,4,2,med,high,med
1249,low,4,2,big,low,med
1250,low,4,2,big,med,med
1251,low,4,2,big,high,med
1252,low,4,4,small,low,med
1253,low,4,4,small,med,med
1254,low,4,4,small,high,med
1255,low,4,4,med,low,med
1256,low,4,4,med,med,med
1257,low,4,4,med,high,med
1258,low,4,4,big,low,med
1259,low,4,4,big,med,med
1260,low,4,4,big,high,med
1261,low,4,more,small,low,med
1262,low,4,more,small,med,med
1263,low,4,more,small,high,med
1264,low,4,more,med,low,med
1265,low,4,more,med,med,med
1266,low,4,more,med,high,med
1267,low,4,more,big,low,med
1268,low,4,more,big,med,med
1269,low,4,more,big,high,med
1270,low,morethanfive,2,small,low,med
1271,low,morethanfive,2,small,med,med
1272,low,morethanfive,2,small,high,med
1273,low,morethanfive,2,med,low,med
1274,low,morethanfive,2,med,med,med
1275,low,morethanfive,2,med,high,med
1276,low,morethanfive,2,big,low,med
1277,low,morethanfive,2,big,med,med
1278,low,morethanfive,2,big,high,med
1279,low,morethanfive,4,small,low,med
1280,low,morethanfive,4,small,med,med
1281,low,morethanfive,4,small,high,med
1282,low,morethanfive,4,med,low,med
1283,low,morethanfive,4,med,med,med
1284,low,morethanfive,4,med,high,med
1285,low,morethanfive,4,big,low,med
1286,low,morethanfive,4,big,med,med
1287,low,morethanfive,4,big,high,med
1288,low,morethanfive,more,small,low,med
1289,low,morethanfive,more,small,med,med
1290,low,morethanfive,more,small,high,med
1291,low,morethanfive,more,med,low,med
1292,low,morethanfive,more,med,med,med
1293,low,morethanfive,more,med,high,med
1294,low,morethanfive,more,big,low,med
1295,low,morethanfive,more,big,med,med
1296,low,morethanfive,more,big,high,med
1297,vhigh,2,2,small,low,low
1298,vhigh,2,2,small,med,low
1299,vhigh,2,2,small,high,low
1300,vhigh,2,2,med,low,low
1301,vhigh,2,2,med,med,low
1302,vhigh,2,2,med,high,low
1303,vhigh,2,2,big,low,low
1304,vhigh,2,2,big,med,low
1305,vhigh,2,2,big,high,low
1306,vhigh,2,4,small,low,low
1307,vhigh,2,4,small,med,low
1308,vhigh,2,4,small,high,low
1309,vhigh,2,4,med,low,low
1310,vhigh,2,4,med,med,low
1311,vhigh,2,4,med,high,low
1312,vhigh,2,4,big,low,low
1313,vhigh,2,4,big,med,low
1314,vhigh,2,4,big,high,low
1315,vhigh,2,more,small,low,low
1316,vhigh,2,more,small,med,low
1317,vhigh,2,more,small,high,low
1318,vhigh,2,more,med,low,low
1319,vhigh,2,more,med,med,low
1320,vhigh,2,more,med,high,low
1321,vhigh,2,more,big,low,low
1322,vhigh,2,more,big,med,low
1323,vhigh,2,more,big,high,low
1324,vhigh,3,2,small,low,low
1325,vhigh,3,2,small,med,low
1326,vhigh,3,2,small,high,low
1327,vhigh,3,2,med,low,low
1328,vhigh,3,2,med,med,low
1329,vhigh,3,2,med,high,low
1330,vhigh,3,2,big,low,low
1331,vhigh,3,2,big,med,low
1332,vhigh,3,2,big,high,low
1333,vhigh,3,4,small,low,low
1334,vhigh,3,4,small,med,low
1335,vhigh,3,4,small,high,low
1336,vhigh,3,4,med,low,low
1337,vhigh,3,4,med,med,low
1338,vhigh,3,4,med,high,low
1339,vhigh,3,4,big,low,low
1340,vhigh,3,4,big,med,low
1341,vhigh,3,4,big,high,low
1342,vhigh,3,more,small,low,low
1343,vhigh,3,more,small,med,low
1344,vhigh,3,more,small,high,low
1345,vhigh,3,more,med,low,low
1346,vhigh,3,more,med,med,low
1347,vhigh,3,more,med,high,low
1348,vhigh,3,more,big,low,low
1349,vhigh,3,more,big,med,low
1350,vhigh,3,more,big,high,low
1351,vhigh,4,2,small,low,low
1352,vhigh,4,2,small,med,low
1353,vhigh,4,2,small,high,low
1354,vhigh,4,2,med,low,low
1355,vhigh,4,2,med,med,low
1356,vhigh,4,2,med,high,low
1357,vhigh,4,2,big,low,low
1358,vhigh,4,2,big,med,low
1359,vhigh,4,2,big,high,low
1360,vhigh,4,4,small,low,low
1361,vhigh,4,4,small,med,low
1362,vhigh,4,4,small,high,low
1363,vhigh,4,4,med,low,low
1364,vhigh,4,4,med,med,low
1365,vhigh,4,4,med,high,low
1366,vhigh,4,4,big,low,low
1367,vhigh,4,4,big,med,low
1368,vhigh,4,4,big,high,low
1369,vhigh,4,more,small,low,low
1370,vhigh,4,more,small,med,low
1371,vhigh,4,more,small,high,low
1372,vhigh,4,more,med,low,low
1373,vhigh,4,more,med,med,low
1374,vhigh,4,more,med,high,low
1375,vhigh,4,more,big,low,low
1376,vhigh,4,more,big,med,low
1377,vhigh,4,more,big,high,low
1378,vhigh,morethanfive,2,small,low,low
1379,vhigh,morethanfive,2,small,med,low
1380,vhigh,morethanfive,2,small,high,low
1381,vhigh,morethanfive,2,med,low,low
1382,vhigh,morethanfive,2,med,med,low
1383,vhigh,morethanfive,2,med,high,low
1384,vhigh,morethanfive,2,big,low,low
1385,vhigh,morethanfive,2,big,med,low
1386,vhigh,morethanfive,2,big,high,low
1387,vhigh,morethanfive,4,small,low,low
1388,vhigh,morethanfive,4,small,med,low
1389,vhigh,morethanfive,4,small,high,low
1390,vhigh,morethanfive,4,med,low,low
1391,vhigh,morethanfive,4,med,med,low
1392,vhigh,morethanfive,4,med,high,low
1393,vhigh,morethanfive,4,big,low,low
1394,vhigh,morethanfive,4,big,med,low
1395,vhigh,morethanfive,4,big,high,low
1396,vhigh,morethanfive,more,small,low,low
1397,vhigh,morethanfive,more,small,med,low
1398,vhigh,morethanfive,more,small,high,low
1399,vhigh,morethanfive,more,med,low,low
1400,vhigh,morethanfive,more,med,med,low
1401,vhigh,morethanfive,more,med,high,low
1402,vhigh,morethanfive,more,big,low,low
1403,vhigh,morethanfive,more,big,med,low
1404,vhigh,morethanfive,more,big,high,low
1405,high,2,2,small,low,low
1406,high,2,2,small,med,low
1407,high,2,2,small,high,low
1408,high,2,2,med,low,low
1409,high,2,2,med,med,low
1410,high,2,2,med,high,low
1411,high,2,2,big,low,low
1412,high,2,2,big,med,low
1413,high,2,2,big,high,low
1414,high,2,4,small,low,low
1415,high,2,4,small,med,low
1416,high,2,4,small,high,low
1417,high,2,4,med,low,low
1418,high,2,4,med,med,low
1419,high,2,4,med,high,low
1420,high,2,4,big,low,low
1421,high,2,4,big,med,low
1422,high,2,4,big,high,low
1423,high,2,more,small,low,low
1424,high,2,more,small,med,low
1425,high,2,more,small,high,low
1426,high,2,more,med,low,low
1427,high,2,more,med,med,low
1428,high,2,more,med,high,low
1429,high,2,more,big,low,low
1430,high,2,more,big,med,low
1431,high,2,more,big,high,low
1432,high,3,2,small,low,low
1433,high,3,2,small,med,low
1434,high,3,2,small,high,low
1435,high,3,2,med,low,low
1436,high,3,2,med,med,low
1437,high,3,2,med,high,low
1438,high,3,2,big,low,low
1439,high,3,2,big,med,low
1440,high,3,2,big,high,low
1441,high,3,4,small,low,low
1442,high,3,4,small,med,low
1443,high,3,4,small,high,low
1444,high,3,4,med,low,low
1445,high,3,4,med,med,low
1446,high,3,4,med,high,low
1447,high,3,4,big,low,low
1448,high,3,4,big,med,low
1449,high,3,4,big,high,low
1450,high,3,more,small,low,low
1451,high,3,more,small,med,low
1452,high,3,more,small,high,low
1453,high,3,more,med,low,low
1454,high,3,more,med,med,low
1455,high,3,more,med,high,low
1456,high,3,more,big,low,low
1457,high,3,more,big,med,low
1458,high,3,more,big,high,low
1459,high,4,2,small,low,low
1460,high,4,2,small,med,low
1461,high,4,2,small,high,low
1462,high,4,2,med,low,low
1463,high,4,2,med,med,low
1464,high,4,2,med,high,low
1465,high,4,2,big,low,low
1466,high,4,2,big,med,low
1467,high,4,2,big,high,low
1468,high,4,4,small,low,low
1469,high,4,4,small,med,low
1470,high,4,4,small,high,low
1471,high,4,4,med,low,low
1472,high,4,4,med,med,low
1473,high,4,4,med,high,low
1474,high,4,4,big,low,low
1475,high,4,4,big,med,low
1476,high,4,4,big,high,low
1477,high,4,more,small,low,low
1478,high,4,more,small,med,low
1479,high,4,more,small,high,low
1480,high,4,more,med,low,low
1481,high,4,more,med,med,low
1482,high,4,more,med,high,low
1483,high,4,more,big,low,low
1484,high,4,more,big,med,low
1485,high,4,more,big,high,low
1486,high,morethanfive,2,small,low,low
1487,high,morethanfive,2,small,med,low
1488,high,morethanfive,2,small,high,low
1489,high,morethanfive,2,med,low,low
1490,high,morethanfive,2,med,med,low
1491,high,morethanfive,2,med,high,low
1492,high,morethanfive,2,big,low,low
1493,high,morethanfive,2,big,med,low
1494,high,morethanfive,2,big,high,low
1495,high,morethanfive,4,small,low,low
1496,high,morethanfive,4,small,med,low
1497,high,morethanfive,4,small,high,low
1498,high,morethanfive,4,med,low,low
1499,high,morethanfive,4,med,med,low
1500,high,morethanfive,4,med,high,low
1501,high,morethanfive,4,big,low,low
1502,high,morethanfive,4,big,med,low
1503,high,morethanfive,4,big,high,low
1504,high,morethanfive,more,small,low,low
1505,high,morethanfive,more,small,med,low
1506,high,morethanfive,more,small,high,low
1507,high,morethanfive,more,med,low,low
1508,high,morethanfive,more,med,med,low
1509,high,morethanfive,more,med,high,low
1510,high,morethanfive,more,big,low,low
1511,high,morethanfive,more,big,med,low
1512,high,morethanfive,more,big,high,low
1513,med,2,2,small,low,low
1514,med,2,2,small,med,low
1515,med,2,2,small,high,low
1516,med,2,2,med,low,low
1517,med,2,2,med,med,low
1518,med,2,2,med,high,low
1519,med,2,2,big,low,low
1520,med,2,2,big,med,low
1521,med,2,2,big,high,low
1522,med,2,4,small,low,low
1523,med,2,4,small,med,low
1524,med,2,4,small,high,low
1525,med,2,4,med,low,low
1526,med,2,4,med,med,low
1527,med,2,4,med,high,low
1528,med,2,4,big,low,low
1529,med,2,4,big,med,low
1530,med,2,4,big,high,low
1531,med,2,more,small,low,low
1532,med,2,more,small,med,low
1533,med,2,more,small,high,low
1534,med,2,more,med,low,low
1535,med,2,more,med,med,low
1536,med,2,more,med,high,low
1537,med,2,more,big,low,low
1538,med,2,more,big,med,low
1539,med,2,more,big,high,low
1540,med,3,2,small,low,low
1541,med,3,2,small,med,low
1542,med,3,2,small,high,low
1543,med,3,2,med,low,low
1544,med,3,2,med,med,low
1545,med,3,2,med,high,low
1546,med,3,2,big,low,low
1547,med,3,2,big,med,low
1548,med,3,2,big,high,low
1549,med,3,4,small,low,low
1550,med,3,4,small,med,low
1551,med,3,4,small,high,low
1552,med,3,4,med,low,low
1553,med,3,4,med,med,low
1554,med,3,4,med,high,low
1555,med,3,4,big,low,low
1556,med,3,4,big,med,low
1557,med,3,4,big,high,low
1558,med,3,more,small,low,low
1559,med,3,more,small,med,low
1560,med,3,more,small,high,low
1561,med,3,more,med,low,low
1562,med,3,more,med,med,low
1563,med,3,more,med,high,low
1564,med,3,more,big,low,low
1565,med,3,more,big,med,low
1566,med,3,more,big,high,low
1567,med,4,2,small,low,low
1568,med,4,2,small,med,low
1569,med,4,2,small,high,low
1570,med,4,2,med,low,low
1571,med,4,2,med,med,low
1572,med,4,2,med,high,low
1573,med,4,2,big,low,low
1574,med,4,2,big,med,low
1575,med,4,2,big,high,low
1576,med,4,4,small,low,low
1577,med,4,4,small,med,low
1578,med,4,4,small,high,low
1579,med,4,4,med,low,low
1580,med,4,4,med,med,low
1581,med,4,4,med,high,low
1582,med,4,4,big,low,low
1583,med,4,4,big,med,low
1584,med,4,4,big,high,low
1585,med,4,more,small,low,low
1586,med,4,more,small,med,low
1587,med,4,more,small,high,low
1588,med,4,more,med,low,low
1589,med,4,more,med,med,low
1590,med,4,more,med,high,low
1591,med,4,more,big,low,low
1592,med,4,more,big,med,low
1593,med,4,more,big,high,low
1594,med,morethanfive,2,small,low,low
1595,med,morethanfive,2,small,med,low
1596,med,morethanfive,2,small,high,low
1597,med,morethanfive,2,med,low,low
1598,med,morethanfive,2,med,med,low
1599,med,morethanfive,2,med,high,low
1600,med,morethanfive,2,big,low,low
1601,med,morethanfive,2,big,med,low
1602,med,morethanfive,2,big,high,low
1603,med,morethanfive,4,small,low,low
1604,med,morethanfive,4,small,med,low
1605,med,morethanfive,4,small,high,low
1606,med,morethanfive,4,med,low,low
1607,med,morethanfive,4,med,med,low
1608,med,morethanfive,4,med,high,low
1609,med,morethanfive,4,big,low,low
1610,med,morethanfive,4,big,med,low
1611,med,morethanfive,4,big,high,low
1612,med,morethanfive,more,small,low,low
1613,med,morethanfive,more,small,med,low
1614,med,morethanfive,more,small,high,low
1615,med,morethanfive,more,med,low,low
1616,med,morethanfive,more,med,med,low
1617,med,morethanfive,more,med,high,low
1618,med,morethanfive,more,big,low,low
1619,med,morethanfive,more,big,med,low
1620,med,morethanfive,more,big,high,low
1621,low,2,2,small,low,low
1622,low,2,2,small,med,low
1623,low,2,2,small,high,low
1624,low,2,2,med,low,low
1625,low,2,2,med,med,low
1626,low,2,2,med,high,low
1627,low,2,2,big,low,low
1628,low,2,2,big,med,low
1629,low,2,2,big,high,low
1630,low,2,4,small,low,low
1631,low,2,4,small,med,low
1632,low,2,4,small,high,low
1633,low,2,4,med,low,low
1634,low,2,4,med,med,low
1635,low,2,4,med,high,low
1636,low,2,4,big,low,low
1637,low,2,4,big,med,low
1638,low,2,4,big,high,low
1639,low,2,more,small,low,low
1640,low,2,more,small,med,low
1641,low,2,more,small,high,low
1642,low,2,more,med,low,low
1643,low,2,more,med,med,low
1644,low,2,more,med,high,low
1645,low,2,more,big,low,low
1646,low,2,more,big,med,low
1647,low,2,more,big,high,low
1648,low,3,2,small,low,low
1649,low,3,2,small,med,low
1650,low,3,2,small,high,low
1651,low,3,2,med,low,low
1652,low,3,2,med,med,low
1653,low,3,2,med,high,low
1654,low,3,2,big,low,low
1655,low,3,2,big,med,low
1656,low,3,2,big,high,low
1657,low,3,4,small,low,low
1658,low,3,4,small,med,low
1659,low,3,4,small,high,low
1660,low,3,4,med,low,low
1661,low,3,4,med,med,low
1662,low,3,4,med,high,low
1663,low,3,4,big,low,low
1664,low,3,4,big,med,low
1665,low,3,4,big,high,low
1666,low,3,more,small,low,low
1667,low,3,more,small,med,low
1668,low,3,more,small,high,low
1669,low,3,more,med,low,low
1670,low,3,more,med,med,low
1671,low,3,more,med,high,low
1672,low,3,more,big,low,low
1673,low,3,more,big,med,low
1674,low,3,more,big,high,low
1675,low,4,2,small,low,low
1676,low,4,2,small,med,low
1677,low,4,2,small,high,low
1678,low,4,2,med,low,low
1679,low,4,2,med,med,low
1680,low,4,2,med,high,low
1681,low,4,2,big,low,low
1682,low,4,2,big,med,low
1683,low,4,2,big,high,low
1684,low,4,4,small,low,low
1685,low,4,4,small,med,low
1686,low,4,4,small,high,low
1687,low,4,4,med,low,low
1688,low,4,4,med,med,low
1689,low,4,4,med,high,low
1690,low,4,4,big,low,low
1691,low,4,4,big,med,low
1692,low,4,4,big,high,low
1693,low,4,more,small,low,low
1694,low,4,more,small,med,low
1695,low,4,more,small,high,low
1696,low,4,more,med,low,low
1697,low,4,more,med,med,low
1698,low,4,more,med,high,low
1699,low,4,more,big,low,low
1700,low,4,more,big,med,low
1701,low,4,more,big,high,low
1702,low,morethanfive,2,small,low,low
1703,low,morethanfive,2,small,med,low
1704,low,morethanfive,2,small,high,low
1705,low,morethanfive,2,med,low,low
1706,low,morethanfive,2,med,med,low
1707,low,morethanfive,2,med,high,low
1708,low,morethanfive,2,big,low,low
1709,low,morethanfive,2,big,med,low
1710,low,morethanfive,2,big,high,low
1711,low,morethanfive,4,small,low,low
1712,low,morethanfive,4,small,med,low
1713,low,morethanfive,4,small,high,low
1714,low,morethanfive,4,med,low,low
1715,low,morethanfive,4,med,med,low
1716,low,morethanfive,4,med,high,low
1717,low,morethanfive,4,big,low,low
1718,low,morethanfive,4,big,med,low
1719,low,morethanfive,4,big,high,low
1720,low,morethanfive,more,small,low,low
1721,low,morethanfive,more,small,med,low
1722,low,morethanfive,more,small,high,low
1723,low,morethanfive,more,med,low,low
1724,low,morethanfive,more,med,med,low
1725,low,morethanfive,more,med,high,low
1726,low,morethanfive,more,big,low,low
1727,low,morethanfive,more,big,med,low
1728,low,morethanfive,more,big,high,low